{"cameraMode":{"drawMode":2,"name":"Shaded Wireframe","section":"Shading Mode"},"sceneLighting":true,"audioPlay":false,"sceneViewState":{"showFog":true,"showMaterialUpdate":true,"showSkybox":true,"showFlares":true,"showImageEffects":true,"showParticleSystems":true},"in2DMode":false,"pivot":{"x":453.3316650390625,"y":237.75006103515626,"z":105.28544616699219},"rotation":{"x":-0.03149370849132538,"y":-0.00839361920952797,"z":-0.0002645273052621633,"w":0.9994695782661438},"size":619.892578125,"orthographic":false}