{"cameraMode":{"drawMode":2,"name":"Shaded Wireframe","section":"Shading Mode"},"sceneLighting":true,"audioPlay":false,"sceneViewState":{"showFog":true,"showMaterialUpdate":true,"showSkybox":true,"showFlares":true,"showImageEffects":true,"showParticleSystems":true},"in2DMode":false,"pivot":{"x":-0.8656743764877319,"y":5.417222023010254,"z":0.797334611415863},"rotation":{"x":-0.007565498352050781,"y":-0.8281300663948059,"z":-0.011180439032614231,"w":0.5603732466697693},"size":3.7319114208221437,"orthographic":false}